{
    "TeamTranslationTransform": {
        "TranslationTransform": {
            "CUMC12": {
                "CUMC12/m4_to_m2.nii": {
                    "InverseConsistencyDSC": 1.0,
                    "DSC": 0.5316250275727147
                },
                "CUMC12/m2_to_m4.nii": {
                    "InverseConsistencyDSC": 1.0,
                    "DSC": 1.0
                }
            },
            "EMPIRE": null,
            "DIRLAB": {
                "DIRLAB/Case9Pack/50_to_00.nii": {
                    "TRE": 4.78978399332356,
                    "Hausdorff": 9.080160960225324,
                    "InverseConsistencyTRE": 0.05179492067103977
                },
                "DIRLAB/Case9Pack/00_to_50.nii": {
                    "TRE": 4.827682813414263,
                    "Hausdorff": 9.130209259839352,
                    "InverseConsistencyTRE": 0.05179432464535379
                }
            },
            "POPI": {
                "POPI/ng/00_to_50.mhd": {
                    "TRE": 14.280059918123476,
                    "Hausdorff": 32.648927493661844,
                    "InverseConsistencyTRE": 0.025754043820699027
                },
                "POPI/ng/50_to_00.mhd": {
                    "TRE": 14.300963587122293,
                    "Hausdorff": 32.66954931564068,
                    "InverseConsistencyTRE": 0.025751916385652867
                }
            }
        }
    }
}